{"transport_mode":"TRAIN","length":22,"width":2,"door_max":13,"parts":[{"name":"door_right","stage":"INTERIOR","mirror":false,"skip_rendering_if_too_far":false,"door_offset":"RIGHT_NEGATIVE","render_condition":"ALL","positions":[[0.0,0.0],[0.0,96.0],[0.0,-96.0]],"whitelisted_cars":"","blacklisted_cars":""},{"name":"door_left","stage":"INTERIOR","mirror":false,"skip_rendering_if_too_far":false,"door_offset":"RIGHT_POSITIVE","render_condition":"ALL","positions":[[0.0,0.0],[0.0,96.0],[0.0,-96.0]],"whitelisted_cars":"","blacklisted_cars":""},{"name":"door","stage":"INTERIOR","mirror":false,"skip_rendering_if_too_far":false,"door_offset":"NONE","render_condition":"ALL","positions":[[0.0,0.0],[0.0,96.0],[0.0,-96.0]],"whitelisted_cars":"","blacklisted_cars":""},{"name":"door_handrails_4","stage":"INTERIOR","mirror":false,"skip_rendering_if_too_far":false,"door_offset":"NONE","render_condition":"ALL","positions":[[0.0,0.0],[0.0,96.0],[0.0,-96.0]],"whitelisted_cars":"","blacklisted_cars":""},{"name":"door_right_exterior","stage":"EXTERIOR","mirror":false,"skip_rendering_if_too_far":false,"door_offset":"RIGHT_NEGATIVE","render_condition":"ALL","positions":[[0.0,0.0],[0.0,96.0],[0.0,-96.0]],"whitelisted_cars":"","blacklisted_cars":""},{"name":"door_left_exterior","stage":"EXTERIOR","mirror":false,"skip_rendering_if_too_far":false,"door_offset":"RIGHT_POSITIVE","render_condition":"ALL","positions":[[0.0,0.0],[0.0,96.0],[0.0,-96.0]],"whitelisted_cars":"","blacklisted_cars":""},{"name":"window","stage":"INTERIOR","mirror":false,"skip_rendering_if_too_far":false,"door_offset":"NONE","render_condition":"ALL","positions":[[0.0,48.0],[0.0,-48.0]],"whitelisted_cars":"","blacklisted_cars":""},{"name":"window_exterior","stage":"EXTERIOR","mirror":false,"skip_rendering_if_too_far":false,"door_offset":"NONE","render_condition":"ALL","positions":[[0.0,48.0],[0.0,-48.0]],"whitelisted_cars":"","blacklisted_cars":""},{"name":"door_exterior","stage":"EXTERIOR","mirror":false,"skip_rendering_if_too_far":false,"door_offset":"NONE","render_condition":"ALL","positions":[[0.0,0.0],[0.0,96.0],[0.0,-96.0]],"whitelisted_cars":"","blacklisted_cars":""},{"name":"head","stage":"INTERIOR","mirror":false,"skip_rendering_if_too_far":false,"door_offset":"NONE","render_condition":"ALL","positions":[[0.0,-128.0]],"whitelisted_cars":"","blacklisted_cars":""},{"name":"head_exterior","stage":"EXTERIOR","mirror":false,"skip_rendering_if_too_far":false,"door_offset":"NONE","render_condition":"ALL","positions":[[0.0,-128.0]],"whitelisted_cars":"","blacklisted_cars":""},{"name":"door_right","stage":"INTERIOR","mirror":true,"skip_rendering_if_too_far":false,"door_offset":"LEFT_NEGATIVE","render_condition":"ALL","positions":[[0.0,0.0],[0.0,96.0],[0.0,-96.0]],"whitelisted_cars":"","blacklisted_cars":""},{"name":"door_left","stage":"INTERIOR","mirror":true,"skip_rendering_if_too_far":false,"door_offset":"LEFT_POSITIVE","render_condition":"ALL","positions":[[0.0,0.0],[0.0,96.0],[0.0,-96.0]],"whitelisted_cars":"","blacklisted_cars":""},{"name":"door","stage":"INTERIOR","mirror":true,"skip_rendering_if_too_far":false,"door_offset":"NONE","render_condition":"ALL","positions":[[0.0,0.0],[0.0,96.0],[0.0,-96.0]],"whitelisted_cars":"","blacklisted_cars":""},{"name":"door_handrails_4","stage":"INTERIOR","mirror":true,"skip_rendering_if_too_far":false,"door_offset":"NONE","render_condition":"ALL","positions":[[0.0,0.0],[0.0,96.0],[0.0,-96.0]],"whitelisted_cars":"","blacklisted_cars":""},{"name":"door_right_exterior","stage":"EXTERIOR","mirror":true,"skip_rendering_if_too_far":false,"door_offset":"LEFT_NEGATIVE","render_condition":"ALL","positions":[[0.0,0.0],[0.0,96.0],[0.0,-96.0]],"whitelisted_cars":"","blacklisted_cars":""},{"name":"door_left_exterior","stage":"EXTERIOR","mirror":true,"skip_rendering_if_too_far":false,"door_offset":"LEFT_POSITIVE","render_condition":"ALL","positions":[[0.0,0.0],[0.0,96.0],[0.0,-96.0]],"whitelisted_cars":"","blacklisted_cars":""},{"name":"door_exterior","stage":"EXTERIOR","mirror":true,"skip_rendering_if_too_far":false,"door_offset":"NONE","render_condition":"ALL","positions":[[0.0,0.0],[0.0,96.0],[0.0,-96.0]],"whitelisted_cars":"","blacklisted_cars":""},{"name":"window","stage":"INTERIOR","mirror":true,"skip_rendering_if_too_far":false,"door_offset":"NONE","render_condition":"ALL","positions":[[0.0,48.0],[0.0,-48.0]],"whitelisted_cars":"","blacklisted_cars":""},{"name":"window_exterior","stage":"EXTERIOR","mirror":true,"skip_rendering_if_too_far":false,"door_offset":"NONE","render_condition":"ALL","positions":[[0.0,48.0],[0.0,-48.0]],"whitelisted_cars":"","blacklisted_cars":""},{"name":"end","stage":"INTERIOR","mirror":false,"skip_rendering_if_too_far":false,"door_offset":"NONE","render_condition":"ALL","positions":[[0.0,128.0]],"whitelisted_cars":"","blacklisted_cars":""},{"name":"end_exterior","stage":"EXTERIOR","mirror":false,"skip_rendering_if_too_far":false,"door_offset":"NONE","render_condition":"ALL","positions":[[0.0,128.0]],"whitelisted_cars":"","blacklisted_cars":""},{"name":"roof","stage":"INTERIOR","mirror":false,"skip_rendering_if_too_far":false,"door_offset":"NONE","render_condition":"ALL","positions":[[0.0,32.0],[0.0,64.0],[0.0,96.0],[0.0,128.0],[0.0,0.0],[0.0,-32.0],[0.0,-64.0],[0.0,-96.0],[0.0,-128.0]],"whitelisted_cars":"","blacklisted_cars":""},{"name":"roof","stage":"INTERIOR","mirror":true,"skip_rendering_if_too_far":false,"door_offset":"NONE","render_condition":"ALL","positions":[[0.0,32.0],[0.0,64.0],[0.0,96.0],[0.0,128.0],[0.0,0.0],[0.0,-32.0],[0.0,-64.0],[0.0,-96.0],[0.0,-128.0]],"whitelisted_cars":"","blacklisted_cars":""},{"name":"roof_light","stage":"LIGHTS","mirror":false,"skip_rendering_if_too_far":false,"door_offset":"NONE","render_condition":"ALL","positions":[[0.0,32.0],[0.0,64.0],[0.0,96.0],[0.0,128.0],[0.0,0.0],[0.0,-32.0],[0.0,-64.0],[0.0,-96.0],[0.0,-128.0]],"whitelisted_cars":"","blacklisted_cars":""},{"name":"roof_light","stage":"LIGHTS","mirror":true,"skip_rendering_if_too_far":false,"door_offset":"NONE","render_condition":"ALL","positions":[[0.0,32.0],[0.0,64.0],[0.0,96.0],[0.0,128.0],[0.0,0.0],[0.0,-32.0],[0.0,-64.0],[0.0,-96.0],[0.0,-128.0]],"whitelisted_cars":"","blacklisted_cars":""},{"name":"roof_exterior","stage":"EXTERIOR","mirror":false,"skip_rendering_if_too_far":false,"door_offset":"NONE","render_condition":"ALL","positions":[[0.0,32.0],[0.0,64.0],[0.0,96.0],[0.0,128.0],[0.0,0.0],[0.0,-32.0],[0.0,-64.0],[0.0,-96.0],[0.0,-128.0]],"whitelisted_cars":"","blacklisted_cars":""},{"name":"roof_exterior","stage":"EXTERIOR","mirror":true,"skip_rendering_if_too_far":false,"door_offset":"NONE","render_condition":"ALL","positions":[[0.0,32.0],[0.0,64.0],[0.0,96.0],[0.0,128.0],[0.0,0.0],[0.0,-32.0],[0.0,-64.0],[0.0,-96.0],[0.0,-128.0]],"whitelisted_cars":"","blacklisted_cars":""},{"name":"roof_end_exterior","stage":"EXTERIOR","mirror":true,"skip_rendering_if_too_far":false,"door_offset":"NONE","render_condition":"ALL","positions":[[0.0,-128.0]],"whitelisted_cars":"","blacklisted_cars":""},{"name":"roof_end_exterior","stage":"EXTERIOR","mirror":false,"skip_rendering_if_too_far":false,"door_offset":"NONE","render_condition":"ALL","positions":[[0.0,128.0]],"whitelisted_cars":"","blacklisted_cars":""},{"name":"headlights","stage":"ALWAYS_ON_LIGHTS","mirror":false,"skip_rendering_if_too_far":false,"door_offset":"NONE","render_condition":"ALL","positions":[[0.0,-128.0]],"whitelisted_cars":"","blacklisted_cars":""},{"name":"tail_lights","stage":"ALWAYS_ON_LIGHTS","mirror":false,"skip_rendering_if_too_far":false,"door_offset":"NONE","render_condition":"ALL","positions":[[0.0,128.0]],"whitelisted_cars":"","blacklisted_cars":""},{"name":"side_display","stage":"EXTERIOR","mirror":false,"skip_rendering_if_too_far":false,"door_offset":"NONE","render_condition":"ALL","positions":[[0.0,64.0]],"whitelisted_cars":"","blacklisted_cars":""},{"name":"side_display","stage":"EXTERIOR","mirror":true,"skip_rendering_if_too_far":false,"door_offset":"NONE","render_condition":"ALL","positions":[[0.0,64.0]],"whitelisted_cars":"","blacklisted_cars":""},{"name":"sd_rn","stage":"EXTERIOR","mirror":false,"skip_rendering_if_too_far":false,"door_offset":"NONE","render_condition":"ALL","positions":[[0.0,64.0]],"whitelisted_cars":"","blacklisted_cars":"","display":{"x_padding":0.0,"y_padding":0.0,"cjk_size_ratio":0,"type":"ROUTE_NUMBER","color_cjk":"FC00","color":"FC00","should_scroll":false,"force_upper_case":false,"force_single_line":false}},{"name":"des","stage":"EXTERIOR","mirror":false,"skip_rendering_if_too_far":false,"door_offset":"NONE","render_condition":"ALL","positions":[[0.0,64.0]],"whitelisted_cars":"","blacklisted_cars":"","display":{"x_padding":0,"y_padding":0,"cjk_size_ratio":0,"type":"DESTINATION","color_cjk":"FC00","color":"FC00","should_scroll":false,"force_upper_case":false,"force_single_line":false}},{"name":"in_rn","stage":"INTERIOR","mirror":false,"skip_rendering_if_too_far":false,"door_offset":"NONE","render_condition":"ALL","positions":[[0.0,64.0]],"whitelisted_cars":"","blacklisted_cars":"","display":{"x_padding":0,"y_padding":0,"cjk_size_ratio":0,"type":"ROUTE_NUMBER","color_cjk":"FC00","color":"FC00","should_scroll":false,"force_upper_case":false,"force_single_line":false}},{"name":"in_rn2","stage":"INTERIOR","mirror":false,"skip_rendering_if_too_far":false,"door_offset":"NONE","render_condition":"ALL","positions":[[0.0,64.0]],"whitelisted_cars":"","blacklisted_cars":"","display":{"x_padding":0,"y_padding":0,"cjk_size_ratio":0,"type":"DESTINATION","color_cjk":"FC00","color":"FC00","should_scroll":false,"force_upper_case":false,"force_single_line":true}},{"name":"sd_rn","stage":"EXTERIOR","mirror":true,"skip_rendering_if_too_far":false,"door_offset":"NONE","render_condition":"ALL","positions":[[0.0,64.0]],"whitelisted_cars":"","blacklisted_cars":"","display":{"x_padding":0,"y_padding":0,"cjk_size_ratio":0,"type":"ROUTE_NUMBER","color_cjk":"FC00","color":"FC00","should_scroll":false,"force_upper_case":false,"force_single_line":false}},{"name":"des","stage":"EXTERIOR","mirror":true,"skip_rendering_if_too_far":false,"door_offset":"NONE","render_condition":"ALL","positions":[[0.0,64.0]],"whitelisted_cars":"","blacklisted_cars":"","display":{"x_padding":0,"y_padding":0,"cjk_size_ratio":0,"type":"DESTINATION","color_cjk":"FC00","color":"FC00","should_scroll":false,"force_upper_case":false,"force_single_line":false}},{"name":"in_rn","stage":"EXTERIOR","mirror":true,"skip_rendering_if_too_far":false,"door_offset":"NONE","render_condition":"ALL","positions":[[0.0,64.0]],"whitelisted_cars":"","blacklisted_cars":"","display":{"x_padding":0,"y_padding":0,"cjk_size_ratio":0,"type":"ROUTE_NUMBER","color_cjk":"FC00","color":"FC00","should_scroll":false,"force_upper_case":false,"force_single_line":false}},{"name":"in_rn2","stage":"EXTERIOR","mirror":true,"skip_rendering_if_too_far":false,"door_offset":"NONE","render_condition":"ALL","positions":[[0.0,64.0]],"whitelisted_cars":"","blacklisted_cars":"","display":{"x_padding":0,"y_padding":0,"cjk_size_ratio":0,"type":"DESTINATION","color_cjk":"FC00","color":"FC00","should_scroll":false,"force_upper_case":false,"force_single_line":true}},{"name":"end_rn","stage":"EXTERIOR","mirror":false,"skip_rendering_if_too_far":false,"door_offset":"NONE","render_condition":"ALL","positions":[[0.0,128.0]],"whitelisted_cars":"","blacklisted_cars":"","display":{"x_padding":0,"y_padding":0,"cjk_size_ratio":0,"type":"ROUTE_NUMBER","color_cjk":"FC00","color":"FC00","should_scroll":false,"force_upper_case":false,"force_single_line":false}},{"name":"int_ns","stage":"INTERIOR","mirror":false,"skip_rendering_if_too_far":false,"door_offset":"NONE","render_condition":"ALL","positions":[[0.0,-128.0]],"whitelisted_cars":"","blacklisted_cars":"","display":{"x_padding":0.0,"y_padding":0.0,"cjk_size_ratio":0,"type":"NEXT_STATION_PLAIN","color_cjk":"FF9900","color":"FC00","should_scroll":true,"force_upper_case":false,"force_single_line":true}},{"name":"head_rn","stage":"EXTERIOR","mirror":false,"skip_rendering_if_too_far":false,"door_offset":"NONE","render_condition":"ALL","positions":[[0.0,-128.0]],"whitelisted_cars":"","blacklisted_cars":"","display":{"x_padding":0.0,"y_padding":0.0,"cjk_size_ratio":0,"type":"ROUTE_NUMBER","color_cjk":"FC00","color":"FC00","should_scroll":false,"force_upper_case":false,"force_single_line":true}},{"name":"head_des","stage":"EXTERIOR","mirror":false,"skip_rendering_if_too_far":false,"door_offset":"NONE","render_condition":"ALL","positions":[[0.0,-128.0]],"whitelisted_cars":"","blacklisted_cars":"","display":{"x_padding":0.15,"y_padding":0.1,"cjk_size_ratio":0,"type":"DESTINATION","color_cjk":"FC00","color":"FC00","should_scroll":false,"force_upper_case":false,"force_single_line":false}},{"name":"head_exterior_3_5","stage":"EXTERIOR","mirror":false,"skip_rendering_if_too_far":false,"door_offset":"NONE","render_condition":"ALL","positions":[[0.0,-128.0]],"whitelisted_cars":"","blacklisted_cars":""},{"name":"seat","stage":"EXTERIOR","mirror":false,"skip_rendering_if_too_far":false,"door_offset":"NONE","render_condition":"ALL","positions":[[-8.0,-135.0],[-8.0,-120.0],[-8.0,-70.0],[-8.0,-55.0],[-8.0,-40.0],[-8.0,-25.0],[-8.0,25.0],[-8.0,40.0],[-8.0,55.0],[-8.0,70.0],[-8.0,120.0],[-8.0,135.0],[15.0,-135.0],[15.0,-120.0],[15.0,-70.0],[15.0,-55.0],[15.0,-40.0],[15.0,-25.0],[15.0,25.0],[15.0,40.0],[15.0,55.0],[15.0,70.0],[15.0,120.0],[15.0,135.0],[-15.0,-135.0],[-15.0,-120.0],[-15.0,-70.0],[-15.0,-55.0],[-15.0,-40.0],[-15.0,-25.0],[-15.0,25.0],[-15.0,40.0],[-15.0,55.0],[-15.0,70.0],[-15.0,120.0],[-15.0,135.0]],"whitelisted_cars":"","blacklisted_cars":""},{"name":"vents_top","stage":"EXTERIOR","mirror":false,"skip_rendering_if_too_far":false,"door_offset":"NONE","render_condition":"ALL","positions":[[0,0]],"whitelisted_cars":"","blacklisted_cars":""},{"name":"vents_top","stage":"EXTERIOR","mirror":true,"skip_rendering_if_too_far":false,"door_offset":"NONE","render_condition":"ALL","positions":[[0.0,0.0]],"whitelisted_cars":"","blacklisted_cars":""},{"name":"bogie","stage":"EXTERIOR","mirror":false,"skip_rendering_if_too_far":false,"door_offset":"NONE","render_condition":"ALL","positions":[[0.0,96.0],[0.0,-96.0]],"whitelisted_cars":"","blacklisted_cars":""}]}