{"custom_trains":
    {
    "s43tec_lrt1975":{
        "name":"S43-Tec LRT 1975",
        "description":"A fictional LRV from Germany, built in 1975.",
        "wikipedia_article":"",
        "color":"62CF43",
        "train_barrier_id":"",
        "door_animation_type":"PLUG_FAST",
        "render_door_overlay":false,
        "rider_offset":0.0,
        "texture_id":"mtr:s43tec_lrt1975/s43tec_lrt1975",
        "model":"mtr:s43tec_lrt1975/s43tec_lrt1975.bbmodel",
        "model_properties":"mtr:s43tec_lrt1975/s43tec_lrt1975.json",
        "has_gangway_connection": false,
        "speed_sound_count": 90,
        "speed_sound_base_id": "m_train",
        "door_sound_base_id": "b_druckluft"
    },    
    "s43tec_lrt1980":{
        "name":"S43-Tec LRT 1980",
        "description":"A fictional LRV from Germany, built in 1980.",
        "wikipedia_article":"",
        "color":"62CF43",
        "gangway_connection_id":"mtr:s43tec_lrt1980/testtram",
        "train_barrier_id":"",
        "door_animation_type":"PLUG_FAST",
        "render_door_overlay":false,
        "rider_offset":0.0,
        "texture_id":"mtr:s43tec_lrt1980/s43tec_lrt1980",
        "model":"mtr:s43tec_lrt1980/s43tec_lrt1980.bbmodel",
        "model_properties":"mtr:s43tec_lrt1980/s43tec_lrt1980.json",
        "speed_sound_count": 90,
        "speed_sound_base_id": "light_rail_aeg",
        "door_sound_base_id": "b_druckluft"
    },
    "s43tec_lrt1980mod":{
        "name":"S43-Tec LRT 1980 Modernized",
        "description":"A fictional LRV from Germany, built in 1980, modernized around 2010.",
        "wikipedia_article":"",
        "color":"62CF43",
        "gangway_connection_id":"mtr:s43tec_lrt1980mod/testtram",
        "train_barrier_id":"",
        "door_animation_type":"PLUG_FAST",
        "render_door_overlay":false,
        "rider_offset":0.0,
        "texture_id":"mtr:s43tec_lrt1980mod/s43tec_lrt1980mod",
        "model":"mtr:s43tec_lrt1980mod/s43tec_lrt1980mod.bbmodel",
        "model_properties":"mtr:s43tec_lrt1980mod/s43tec_lrt1980mod.json",
        "speed_sound_count": 90,
        "speed_sound_base_id": "light_rail_mitsubishi",
        "door_sound_base_id": "lrt2010"
    },
    "s43tec_lrt1987":{
        "name":"S43-Tec LRT 1987",
        "description":"A fictional LRV from Germany, built in 1987.",
        "wikipedia_article":"",
        "color":"62CF43",
        "gangway_connection_id":"mtr:s43tec_lrt1987/testtram",
        "train_barrier_id":"",
        "door_animation_type":"PLUG_FAST",
        "render_door_overlay":false,
        "rider_offset":0.0,
        "texture_id":"mtr:s43tec_lrt1987/s43tec_lrt1987",
        "model":"mtr:s43tec_lrt1987/s43tec_lrt1987.bbmodel",
        "model_properties":"mtr:s43tec_lrt1987/s43tec_lrt1987.json",
        "speed_sound_count": 90,
        "speed_sound_base_id": "light_rail_aeg",
        "door_sound_base_id": "dt8_4"
    },
    "s43tec_lrt1995":{
        "name":"S43-Tec LRT 1995",
        "description":"A fictional LRV from Germany, built in 1995.",
        "wikipedia_article":"",
        "color":"62CF43",
        "gangway_connection_id":"mtr:s43tec_lrt1995/testtram",
        "train_barrier_id":"",
        "door_animation_type":"PLUG_FAST",
        "render_door_overlay":false,
        "rider_offset":0.0,
        "texture_id":"mtr:s43tec_lrt1995/s43tec_lrt1995",
        "model":"mtr:s43tec_lrt1995/s43tec_lrt1995.bbmodel",
        "model_properties":"mtr:s43tec_lrt1995/s43tec_lrt1995.json",
        "speed_sound_count": 90,
        "speed_sound_base_id": "light_rail_mitsubishi",
        "door_sound_base_id": "dt8_11"
    },
    "s43tec_lrt2002":{
        "name":"S43-Tec LRT 2002",
        "description":"A fictional LRV from Germany, built in 2002.",
        "wikipedia_article":"",
        "color":"62CF43",
        "gangway_connection_id":"mtr:s43tec_lrt2002/testtram",
        "train_barrier_id":"",
        "door_animation_type":"PLUG_FAST",
        "render_door_overlay":false,
        "rider_offset":0.0,
        "texture_id":"mtr:s43tec_lrt2002/s43tec_lrt2002",
        "model":"mtr:s43tec_lrt2002/s43tec_lrt2002.bbmodel",
        "model_properties":"mtr:s43tec_lrt2002/s43tec_lrt2002.json",
        "speed_sound_count": 90,
        "speed_sound_base_id": "sp1900",
        "door_sound_base_id": "dt8_11"
    },
    "s43tec_lrt2010":{
        "name":"S43-Tec LRT 2010",
        "description":"A fictional LRV from Germany, built in 2010.",
        "wikipedia_article":"",
        "color":"62CF43",
        "gangway_connection_id":"mtr:s43tec_lrt2010/testtram",
        "train_barrier_id":"",
        "door_animation_type":"PLUG_FAST",
        "render_door_overlay":false,
        "rider_offset":0.0,
        "texture_id":"mtr:s43tec_lrt2010/s43tec_lrt2010",
        "model":"mtr:s43tec_lrt2010/s43tec_lrt2010.bbmodel",
        "model_properties":"mtr:s43tec_lrt2010/s43tec_lrt2010.json",
        "speed_sound_count": 90,
        "speed_sound_base_id": "s_train",
        "door_sound_base_id": "lrt2010"
    },
    "caf_urbino":{
        "name":"CAF Urbino 3",
        "description":"Budapest's yellow, CAF tram.",
        "wikipedia_article":"",
        "color":"62CF43",
        "gangway_connection_id":"",
        "train_barrier_id":"",
        "door_animation_type":"PLUG_FAST",
        "render_door_overlay":false,
        "rider_offset":0.0,
        "texture_id":"mtr:caf_urbino/caf_urbino",
        "model":"mtr:caf_urbino/caf_urbino.bbmodel",
        "model_properties":"mtr:caf_urbino/caf_urbino.json",
        "speed_sound_count": 90,
        "speed_sound_base_id": "c1141a",
        "door_sound_base_id": "caf_urbino"

    },
    "s43tec_lrt1975_drivable":{
        "name":"S43-Tec LRT 1975 Drivable",
        "description":"Like the default LRT 1975, but without a driver, suitable for drivables.",
        "wikipedia_article":"",
        "color":"62CF43",
        "train_barrier_id":"",
        "door_animation_type":"PLUG_FAST",
        "render_door_overlay":false,
        "rider_offset":0.0,
        "texture_id":"mtr:s43tec_lrt1975/s43tec_lrt1975",
        "model":"mtr:s43tec_lrt1975/s43tec_lrt1975.bbmodel",
        "model_properties":"mtr:s43tec_lrt1975/s43tec_lrt1975_dr.json",
        "has_gangway_connection": false,
        "speed_sound_count": 90,
        "speed_sound_base_id": "m_train",
        "door_sound_base_id": "b_druckluft"
    },    
    "s43tec_lrt1980_drivable":{
        "name":"S43-Tec LRT 1980 Drivable",
        "description":"Like the default LRT 1980, but without a driver, suitable for drivables.",
        "wikipedia_article":"",
        "color":"62CF43",
        "gangway_connection_id":"mtr:s43tec_lrt1980/testtram",
        "train_barrier_id":"",
        "door_animation_type":"PLUG_FAST",
        "render_door_overlay":false,
        "rider_offset":0.0,
        "texture_id":"mtr:s43tec_lrt1980/s43tec_lrt1980",
        "model":"mtr:s43tec_lrt1980/s43tec_lrt1980.bbmodel",
        "model_properties":"mtr:s43tec_lrt1980/s43tec_lrt1980_dr.json",
        "speed_sound_count": 90,
        "speed_sound_base_id": "light_rail_aeg",
        "door_sound_base_id": "b_druckluft"
    },
    "s43tec_lrt1980mod_drivable":{
        "name":"S43-Tec LRT 1980 Modernized Drivable",
        "description":"Like the default modernized LRT 1980, but without a driver, suitable for drivables.",
        "wikipedia_article":"",
        "color":"62CF43",
        "gangway_connection_id":"mtr:s43tec_lrt1980mod/testtram",
        "train_barrier_id":"",
        "door_animation_type":"PLUG_FAST",
        "render_door_overlay":false,
        "rider_offset":0.0,
        "texture_id":"mtr:s43tec_lrt1980mod/s43tec_lrt1980mod",
        "model":"mtr:s43tec_lrt1980mod/s43tec_lrt1980mod.bbmodel",
        "model_properties":"mtr:s43tec_lrt1980mod/s43tec_lrt1980mod_dr.json",
        "speed_sound_count": 90,
        "speed_sound_base_id": "light_rail_mitsubishi",
        "door_sound_base_id": "lrt2010"
    },
    "s43tec_lrt1987_drivable":{
        "name":"S43-Tec LRT 1987 Drivable",
        "description":"Like the default LRT 1987, but without a driver, suitable for drivables.",
        "wikipedia_article":"",
        "color":"62CF43",
        "gangway_connection_id":"mtr:s43tec_lrt1987/testtram",
        "train_barrier_id":"",
        "door_animation_type":"PLUG_FAST",
        "render_door_overlay":false,
        "rider_offset":0.0,
        "texture_id":"mtr:s43tec_lrt1987/s43tec_lrt1987",
        "model":"mtr:s43tec_lrt1987/s43tec_lrt1987.bbmodel",
        "model_properties":"mtr:s43tec_lrt1987/s43tec_lrt1987_dr.json",
        "speed_sound_count": 90,
        "speed_sound_base_id": "light_rail_aeg",
        "door_sound_base_id": "dt8_4"
    },
    "s43tec_lrt1995_drivable":{
        "name":"S43-Tec LRT 1995 Drivable",
        "description":"Like the default LRT 1995, but without a driver, suitable for drivables.",
        "wikipedia_article":"",
        "color":"62CF43",
        "gangway_connection_id":"mtr:s43tec_lrt1995/testtram",
        "train_barrier_id":"",
        "door_animation_type":"PLUG_FAST",
        "render_door_overlay":false,
        "rider_offset":0.0,
        "texture_id":"mtr:s43tec_lrt1995/s43tec_lrt1995",
        "model":"mtr:s43tec_lrt1995/s43tec_lrt1995.bbmodel",
        "model_properties":"mtr:s43tec_lrt1995/s43tec_lrt1995_dr.json",
        "speed_sound_count": 90,
        "speed_sound_base_id": "light_rail_mitsubishi",
        "door_sound_base_id": "dt8_11"
    },
    "s43tec_lrt2002_drivable":{
        "name":"S43-Tec LRT 2002 Drivable",
        "description":"Like the default LRT 2002, but without a driver, suitable for drivables.",
        "wikipedia_article":"",
        "color":"62CF43",
        "gangway_connection_id":"mtr:s43tec_lrt2002/testtram",
        "train_barrier_id":"",
        "door_animation_type":"PLUG_FAST",
        "render_door_overlay":false,
        "rider_offset":0.0,
        "texture_id":"mtr:s43tec_lrt2002/s43tec_lrt2002",
        "model":"mtr:s43tec_lrt2002/s43tec_lrt2002.bbmodel",
        "model_properties":"mtr:s43tec_lrt2002/s43tec_lrt2002_dr.json",
        "speed_sound_count": 90,
        "speed_sound_base_id": "sp1900",
        "door_sound_base_id": "dt8_11"
    },
    "s43tec_lrt2010_drivable":{
        "name":"S43-Tec LRT 2010 Drivable",
        "description":"Like the default LRT 2010, but without a driver, suitable for drivables.",
        "wikipedia_article":"",
        "color":"62CF43",
        "gangway_connection_id":"mtr:s43tec_lrt2010/testtram",
        "train_barrier_id":"",
        "door_animation_type":"PLUG_FAST",
        "render_door_overlay":false,
        "rider_offset":0.0,
        "texture_id":"mtr:s43tec_lrt2010/s43tec_lrt2010",
        "model":"mtr:s43tec_lrt2010/s43tec_lrt2010.bbmodel",
        "model_properties":"mtr:s43tec_lrt2010/s43tec_lrt2010_dr.json",
        "speed_sound_count": 90,
        "speed_sound_base_id": "s_train",
        "door_sound_base_id": "lrt2010"
    },
    "s43tec_lrt2020_drivable":{
        "name":"S43-Tec LRT 2020 Drivable",
        "description":"Like the default LRT 2020, but without a driver, suitable for drivables.",
        "wikipedia_article":"",
        "color":"62CF43",
        "gangway_connection_id":"",
        "train_barrier_id":"",
        "door_animation_type":"PLUG_FAST",
        "render_door_overlay":false,
        "rider_offset":0.0,
        "texture_id":"mtr:s43tec_lrt2020/s43tec_lrt2020",
        "model":"mtr:s43tec_lrt2020/s43tec_lrt2020.bbmodel",
        "model_properties":"mtr:s43tec_lrt2020/s43tec_lrt2020_dr.json",
        "speed_sound_count": 90,
        "speed_sound_base_id": "c1141a",
        "door_sound_base_id": "lrt2020"
        }
    }
}